id,country,Year,invertebrates,plants,total_threatened,vertebrates
4,Afghanistan,2004,1,1,33,31
4,Afghanistan,2010,1,2,34,31
4,Afghanistan,2015,2,5,38,31
4,Afghanistan,2020,2,5,40,33
4,Afghanistan,2022,2,11,55,42
4,Afghanistan,2023,2,13,57,42
4,Afghanistan,2024,2,13,57,42
8,Albania,2004,4,0,37,33
8,Albania,2010,47,0,100,53
8,Albania,2015,58,0,112,54
8,Albania,2020,73,5,142,64
8,Albania,2022,74,5,157,78
8,Albania,2023,78,5,165,82
8,Albania,2024,79,5,180,96
12,Algeria,2004,12,2,50,36
12,Algeria,2010,21,15,105,69
12,Algeria,2015,26,17,114,71
12,Algeria,2020,42,28,155,85
12,Algeria,2022,44,33,186,109
12,Algeria,2023,43,31,186,112
12,Algeria,2024,42,33,192,117
16,American Samoa,2004,5,1,24,18
16,American Samoa,2010,57,1,79,21
16,American Samoa,2015,64,1,90,25
16,American Samoa,2020,65,2,99,32
16,American Samoa,2022,66,2,105,37
16,American Samoa,2023,66,3,109,40
16,American Samoa,2024,152,3,195,40
20,Andorra,2004,4,0,5,1
20,Andorra,2010,4,0,8,4
20,Andorra,2015,7,0,11,4
20,Andorra,2020,8,1,15,6
20,Andorra,2022,8,1,15,6
20,Andorra,2023,7,1,17,9
20,Andorra,2024,6,4,21,11
24,Angola,2004,6,26,76,44
24,Angola,2010,7,33,117,77
24,Angola,2015,9,34,130,87
24,Angola,2020,11,43,171,117
24,Angola,2022,11,69,229,149
24,Angola,2023,11,79,239,149
24,Angola,2024,11,80,245,154
660,Anguilla,2004,0,3,18,15
660,Anguilla,2010,10,3,33,20
660,Anguilla,2015,10,4,51,37
660,Anguilla,2020,10,3,60,47
660,Anguilla,2022,25,3,85,57
660,Anguilla,2023,25,3,85,57
660,Anguilla,2024,26,3,93,64
10,Antarctica,2004,0,0,8,8
10,Antarctica,2010,0,0,6,6
10,Antarctica,2015,0,0,6,6
10,Antarctica,2020,0,0,6,6
10,Antarctica,2022,0,0,8,8
10,Antarctica,2023,0,0,10,10
10,Antarctica,2024,0,0,10,10
28,Antigua and Barbuda,2004,0,4,22,18
28,Antigua and Barbuda,2010,11,4,38,23
28,Antigua and Barbuda,2015,11,4,53,38
28,Antigua and Barbuda,2020,11,3,61,47
28,Antigua and Barbuda,2022,25,2,88,61
28,Antigua and Barbuda,2023,25,2,88,61
28,Antigua and Barbuda,2024,26,2,96,68
896,Areas n.e.s,2004,0,0,1,1
896,Areas n.e.s,2010,0,0,1,1
896,Areas n.e.s,2015,1,0,2,1
32,Argentina,2004,10,42,186,134
32,Argentina,2010,12,44,213,157
32,Argentina,2015,13,70,243,160
32,Argentina,2020,15,76,285,194
32,Argentina,2022,19,95,375,261
32,Argentina,2023,19,80,373,274
32,Argentina,2024,20,113,413,280
51,Armenia,2004,7,1,35,27
51,Armenia,2010,6,1,36,29
51,Armenia,2015,9,71,111,31
51,Armenia,2020,9,76,119,34
51,Armenia,2022,8,76,116,32
51,Armenia,2023,6,82,120,32
51,Armenia,2024,6,82,121,33
533,Aruba,2004,1,0,18,17
533,Aruba,2010,1,1,22,20
533,Aruba,2015,2,2,29,25
533,Aruba,2020,2,5,44,37
533,Aruba,2022,26,5,86,55
533,Aruba,2023,26,5,86,55
533,Aruba,2024,26,5,93,62
36,Australia,2004,283,56,621,282
36,Australia,2010,489,67,853,297
36,Australia,2015,514,91,909,304
36,Australia,2020,548,327,1308,433
36,Australia,2022,594,804,1871,473
36,Australia,2023,605,798,1880,477
36,Australia,2024,630,818,1938,489
40,Austria,2004,44,3,67,20
40,Austria,2010,55,4,82,23
40,Austria,2015,69,13,106,24
40,Austria,2020,74,83,185,28
40,Austria,2022,107,88,227,32
40,Austria,2023,110,38,182,34
40,Austria,2024,110,104,255,41
31,Azerbaijan,2004,6,0,38,32
31,Azerbaijan,2010,4,0,45,41
31,Azerbaijan,2015,7,42,92,43
31,Azerbaijan,2020,7,46,102,49
31,Azerbaijan,2022,7,48,102,47
31,Azerbaijan,2023,6,50,102,46
31,Azerbaijan,2024,6,51,105,48
44,Bahamas (The),2004,1,5,42,36
44,Bahamas (The),2010,11,7,62,44
44,Bahamas (The),2015,12,8,81,61
44,Bahamas (The),2020,12,12,96,72
44,Bahamas (The),2022,28,28,143,87
44,Bahamas (The),2023,28,29,144,87
44,Bahamas (The),2024,29,29,155,97
48,Bahrain,2004,0,0,18,18
48,Bahrain,2010,13,0,32,19
48,Bahrain,2015,13,0,32,19
48,Bahrain,2020,13,0,47,34
48,Bahrain,2022,13,0,63,50
48,Bahrain,2023,13,0,67,54
48,Bahrain,2024,32,0,89,57
50,Bangladesh,2004,0,12,85,73
50,Bangladesh,2010,2,16,122,104
50,Bangladesh,2015,7,21,137,109
50,Bangladesh,2020,7,25,165,133
50,Bangladesh,2022,7,35,224,182
50,Bangladesh,2023,7,49,243,187
50,Bangladesh,2024,12,53,255,190
52,Barbados,2004,0,2,20,18
52,Barbados,2010,10,2,36,24
52,Barbados,2015,11,3,51,37
52,Barbados,2020,11,3,62,48
52,Barbados,2022,26,4,90,60
52,Barbados,2023,26,4,90,60
52,Barbados,2024,26,4,97,67
112,Belarus,2004,8,0,18,10
112,Belarus,2010,6,0,16,10
112,Belarus,2015,9,1,21,11
112,Belarus,2020,10,5,30,15
112,Belarus,2022,12,6,36,18
112,Belarus,2023,13,2,33,18
112,Belarus,2024,15,7,45,23
56,Belgium,2004,11,0,36,25
56,Belgium,2010,11,1,27,15
56,Belgium,2015,14,0,30,16
56,Belgium,2020,15,26,66,25
56,Belgium,2022,22,26,80,32
56,Belgium,2023,24,3,60,33
56,Belgium,2024,24,36,99,39
84,Belize,2004,1,30,67,36
84,Belize,2010,12,32,92,48
84,Belize,2015,12,35,117,70
84,Belize,2020,12,53,143,78
84,Belize,2022,27,90,212,95
84,Belize,2023,27,114,235,94
84,Belize,2024,27,114,243,102
204,Benin,2004,0,14,31,17
204,Benin,2010,1,14,62,47
204,Benin,2015,3,16,74,55
204,Benin,2020,3,21,106,82
204,Benin,2022,4,19,135,112
204,Benin,2023,4,18,135,113
204,Benin,2024,4,20,141,117
60,Bermuda,2004,25,4,47,18
60,Bermuda,2010,28,4,50,18
60,Bermuda,2015,28,8,64,28
60,Bermuda,2020,30,8,80,42
60,Bermuda,2022,37,8,91,46
60,Bermuda,2023,37,8,92,47
60,Bermuda,2024,38,8,99,53
64,Bhutan,2004,1,7,48,40
64,Bhutan,2010,1,8,59,50
64,Bhutan,2015,1,18,71,52
64,Bhutan,2020,1,45,101,55
64,Bhutan,2022,1,59,123,63
64,Bhutan,2023,1,63,127,63
64,Bhutan,2024,1,69,134,64
68,Bolivia (Plurin. State of),2004,1,70,150,79
68,Bolivia (Plurin. State of),2010,1,72,163,90
68,Bolivia (Plurin. State of),2015,3,99,216,114
68,Bolivia (Plurin. State of),2020,3,162,296,131
68,Bolivia (Plurin. State of),2022,3,298,452,151
68,Bolivia (Plurin. State of),2023,3,400,580,177
68,Bolivia (Plurin. State of),2024,3,443,626,180
535,"Bonaire, St. Eustatius & Saba",2015,11,3,55,41
535,"Bonaire, St. Eustatius & Saba",2020,11,6,67,50
535,"Bonaire, St. Eustatius & Saba",2022,27,6,95,62
535,"Bonaire, St. Eustatius & Saba",2023,27,7,96,62
535,"Bonaire, St. Eustatius & Saba",2024,27,7,102,68
70,Bosnia and Herzegovina,2004,10,1,40,29
70,Bosnia and Herzegovina,2010,22,1,67,44
70,Bosnia and Herzegovina,2015,36,1,85,48
70,Bosnia and Herzegovina,2020,43,6,104,55
70,Bosnia and Herzegovina,2022,57,6,133,70
70,Bosnia and Herzegovina,2023,61,5,140,74
70,Bosnia and Herzegovina,2024,59,6,147,82
72,Botswana,2004,0,0,15,15
72,Botswana,2010,0,0,18,18
72,Botswana,2015,0,2,24,22
72,Botswana,2020,0,3,33,30
72,Botswana,2022,0,3,35,32
72,Botswana,2023,0,3,35,32
72,Botswana,2024,0,3,37,34
74,Bouvet Island,2004,0,0,1,1
74,Bouvet Island,2010,0,0,2,2
74,Bouvet Island,2015,0,0,3,3
74,Bouvet Island,2020,0,0,2,2
74,Bouvet Island,2022,0,0,2,2
74,Bouvet Island,2023,0,0,3,3
74,Bouvet Island,2024,0,0,3,3
76,Brazil,2004,34,381,697,282
76,Brazil,2010,45,387,773,341
76,Brazil,2015,54,516,966,396
76,Brazil,2020,66,596,1078,416
76,Brazil,2022,104,1373,2229,752
76,Brazil,2023,111,1362,2437,964
76,Brazil,2024,112,1519,2611,980
86,British Indian Ocean Terr.,2004,0,1,7,6
86,British Indian Ocean Terr.,2010,65,1,76,10
86,British Indian Ocean Terr.,2015,69,1,81,11
86,British Indian Ocean Terr.,2020,69,1,91,21
86,British Indian Ocean Terr.,2022,70,0,98,28
86,British Indian Ocean Terr.,2023,70,0,100,30
86,British Indian Ocean Terr.,2024,142,0,175,33
92,British Virgin Islands,2004,0,10,30,20
92,British Virgin Islands,2010,10,10,43,23
92,British Virgin Islands,2015,10,10,61,41
92,British Virgin Islands,2020,10,23,88,55
92,British Virgin Islands,2022,25,25,117,67
92,British Virgin Islands,2023,25,26,118,67
92,British Virgin Islands,2024,26,26,126,74
96,Brunei Darussalam,2004,0,99,148,49
96,Brunei Darussalam,2010,1,99,170,70
96,Brunei Darussalam,2015,8,104,189,77
96,Brunei Darussalam,2020,18,160,275,97
96,Brunei Darussalam,2022,18,190,359,151
96,Brunei Darussalam,2023,18,223,401,160
96,Brunei Darussalam,2024,232,228,623,163
100,Bulgaria,2004,9,0,44,35
100,Bulgaria,2010,27,0,66,39
100,Bulgaria,2015,37,6,85,42
100,Bulgaria,2020,57,21,127,49
100,Bulgaria,2022,72,22,146,52
100,Bulgaria,2023,75,13,142,54
100,Bulgaria,2024,76,27,159,56
854,Burkina Faso,2004,0,2,11,9
854,Burkina Faso,2010,1,3,24,20
854,Burkina Faso,2015,1,3,29,25
854,Burkina Faso,2020,1,5,36,30
854,Burkina Faso,2022,0,6,40,34
854,Burkina Faso,2023,0,6,41,35
854,Burkina Faso,2024,0,6,42,36
108,Burundi,2004,4,2,28,22
108,Burundi,2010,7,2,52,43
108,Burundi,2015,7,8,60,45
108,Burundi,2020,6,134,188,48
108,Burundi,2022,6,159,218,53
108,Burundi,2023,6,159,217,52
108,Burundi,2024,6,161,221,54
132,Cabo Verde,2004,0,2,23,21
132,Cabo Verde,2010,0,3,31,28
132,Cabo Verde,2015,13,3,51,35
132,Cabo Verde,2020,13,51,119,55
132,Cabo Verde,2022,15,51,129,63
132,Cabo Verde,2023,15,51,130,64
132,Cabo Verde,2024,16,51,134,67
116,Cambodia,2004,0,31,103,72
116,Cambodia,2010,67,30,204,107
116,Cambodia,2015,77,36,243,130
116,Cambodia,2020,79,41,280,160
116,Cambodia,2022,82,55,339,202
116,Cambodia,2023,84,91,386,211
116,Cambodia,2024,149,97,462,216
120,Cameroon,2004,4,334,484,146
120,Cameroon,2010,24,378,624,222
120,Cameroon,2015,27,433,697,237
120,Cameroon,2020,26,592,890,272
120,Cameroon,2022,28,911,1250,311
120,Cameroon,2023,28,931,1276,317
120,Cameroon,2024,28,933,1282,321
124,Canada,2004,11,1,74,62
124,Canada,2010,12,2,77,63
124,Canada,2015,22,7,97,68
124,Canada,2020,38,40,173,95
124,Canada,2022,45,50,195,100
124,Canada,2023,45,21,165,99
124,Canada,2024,46,59,211,105
136,Cayman Islands,2004,1,2,19,16
136,Cayman Islands,2010,11,2,34,21
136,Cayman Islands,2015,11,22,71,38
136,Cayman Islands,2020,13,23,83,47
136,Cayman Islands,2022,30,23,109,56
136,Cayman Islands,2023,30,23,109,56
136,Cayman Islands,2024,30,23,117,64
140,Central African Republic,2004,0,15,30,15
140,Central African Republic,2010,0,17,36,19
140,Central African Republic,2015,0,22,54,32
140,Central African Republic,2020,0,29,73,44
140,Central African Republic,2022,2,51,101,48
140,Central African Republic,2023,2,54,104,48
140,Central African Republic,2024,2,54,106,50
148,Chad,2004,1,2,21,18
148,Chad,2010,4,2,30,24
148,Chad,2015,4,5,38,29
148,Chad,2020,4,6,48,38
148,Chad,2022,6,8,55,41
148,Chad,2023,6,8,56,42
148,Chad,2024,6,8,59,45
152,Chile,2004,0,40,123,83
152,Chile,2010,9,41,145,95
152,Chile,2015,12,72,182,98
152,Chile,2020,13,87,240,140
152,Chile,2022,14,112,283,157
152,Chile,2023,14,110,303,179
152,Chile,2024,13,132,336,190
156,China,2004,4,443,773,326
156,China,2010,32,453,859,374
156,China,2015,76,544,1040,420
156,China,2020,84,637,1172,451
156,China,2022,108,728,1419,583
156,China,2023,109,816,1630,705
156,China,2024,160,843,1761,758
344,"China, Hong Kong SAR",2004,1,6,39,32
344,"China, Hong Kong SAR",2010,6,6,49,37
344,"China, Hong Kong SAR",2015,8,7,60,45
344,"China, Hong Kong SAR",2020,9,11,83,63
344,"China, Hong Kong SAR",2022,11,16,100,73
344,"China, Hong Kong SAR",2023,15,16,108,77
344,"China, Hong Kong SAR",2024,41,17,139,81
446,"China, Macao SAR",2004,0,0,5,5
446,"China, Macao SAR",2010,0,0,9,9
446,"China, Macao SAR",2015,1,0,11,10
446,"China, Macao SAR",2020,1,0,26,25
446,"China, Macao SAR",2022,1,0,27,26
446,"China, Macao SAR",2023,1,0,29,28
446,"China, Macao SAR",2024,25,0,56,31
162,Christmas Island,2004,0,1,13,12
162,Christmas Island,2010,16,1,33,16
162,Christmas Island,2015,18,1,37,18
162,Christmas Island,2020,19,1,46,26
162,Christmas Island,2022,20,2,54,32
162,Christmas Island,2023,20,2,56,34
162,Christmas Island,2024,64,2,104,38
166,Cocos (Keeling) Islands,2004,0,0,5,5
166,Cocos (Keeling) Islands,2010,17,0,28,11
166,Cocos (Keeling) Islands,2015,20,0,31,11
166,Cocos (Keeling) Islands,2020,20,0,40,20
166,Cocos (Keeling) Islands,2022,21,0,49,28
166,Cocos (Keeling) Islands,2023,21,0,50,29
166,Cocos (Keeling) Islands,2024,61,0,91,30
170,Colombia,2004,0,222,593,371
170,Colombia,2010,30,227,681,424
170,Colombia,2015,33,245,751,473
170,Colombia,2020,56,354,1025,615
170,Colombia,2022,81,956,1711,674
170,Colombia,2023,82,953,1717,682
170,Colombia,2024,90,1079,1853,684
174,Comoros,2004,4,5,27,18
174,Comoros,2010,63,5,89,21
174,Comoros,2015,73,7,106,26
174,Comoros,2020,77,9,127,41
174,Comoros,2022,81,16,149,52
174,Comoros,2023,81,16,151,54
174,Comoros,2024,148,18,223,57
178,Congo,2004,1,35,65,29
178,Congo,2010,5,37,103,61
178,Congo,2015,7,41,119,71
178,Congo,2020,7,56,155,92
178,Congo,2022,7,112,235,116
178,Congo,2023,7,120,244,117
178,Congo,2024,7,120,247,120
184,Cook Islands,2004,0,1,23,22
184,Cook Islands,2010,25,1,53,27
184,Cook Islands,2015,32,11,73,30
184,Cook Islands,2020,32,11,77,34
184,Cook Islands,2022,34,13,82,35
184,Cook Islands,2023,34,13,82,35
184,Cook Islands,2024,104,13,153,36
188,Costa Rica,2004,9,110,231,112
188,Costa Rica,2010,27,116,285,142
188,Costa Rica,2015,30,131,323,162
188,Costa Rica,2020,31,151,363,181
188,Costa Rica,2022,55,347,655,253
188,Costa Rica,2023,59,463,768,246
188,Costa Rica,2024,63,472,789,254
191,Croatia,2004,11,0,57,46
191,Croatia,2010,21,3,101,77
191,Croatia,2015,67,8,159,84
191,Croatia,2020,80,35,212,97
191,Croatia,2022,95,37,244,112
191,Croatia,2023,102,10,224,112
191,Croatia,2024,103,43,263,117
192,Cuba,2004,3,163,272,106
192,Cuba,2010,15,166,304,123
192,Cuba,2015,23,176,337,138
192,Cuba,2020,23,179,357,155
192,Cuba,2022,38,196,420,186
192,Cuba,2023,38,219,441,184
192,Cuba,2024,39,462,693,192
531,Cura�ao,2015,11,2,49,36
531,Cura�ao,2020,11,4,58,43
531,Cura�ao,2022,26,4,85,55
531,Cura�ao,2023,26,5,86,55
531,Cura�ao,2024,26,5,92,61
196,Cyprus,2004,0,1,25,24
196,Cyprus,2010,4,8,43,31
196,Cyprus,2015,8,18,60,34
196,Cyprus,2020,16,24,84,44
196,Cyprus,2022,23,25,108,60
196,Cyprus,2023,23,23,105,59
196,Cyprus,2024,23,26,112,63
203,Czechia,2004,19,4,45,22
203,Czechia,2010,19,4,33,10
203,Czechia,2015,24,10,45,11
203,Czechia,2020,29,61,104,14
203,Czechia,2022,47,64,127,16
203,Czechia,2023,49,31,99,19
203,Czechia,2024,47,76,146,23
384,C�te d�Ivoire,2004,1,105,167,61
384,C�te d�Ivoire,2010,4,106,210,100
384,C�te d�Ivoire,2015,6,107,226,113
384,C�te d�Ivoire,2020,7,133,280,140
384,C�te d�Ivoire,2022,10,158,333,165
384,C�te d�Ivoire,2023,10,159,335,166
384,C�te d�Ivoire,2024,11,159,339,169
408,Dem. People's Rep. Korea,2004,1,3,44,40
408,Dem. People's Rep. Korea,2010,2,6,52,44
408,Dem. People's Rep. Korea,2015,3,8,64,53
408,Dem. People's Rep. Korea,2020,3,19,88,66
408,Dem. People's Rep. Korea,2022,4,22,120,94
408,Dem. People's Rep. Korea,2023,4,20,121,97
408,Dem. People's Rep. Korea,2024,4,22,126,100
180,Dem. Rep. of the Congo,2004,22,65,171,84
180,Dem. Rep. of the Congo,2010,51,83,296,162
180,Dem. Rep. of the Congo,2015,53,109,333,171
180,Dem. Rep. of the Congo,2020,54,240,497,203
180,Dem. Rep. of the Congo,2022,54,445,746,247
180,Dem. Rep. of the Congo,2023,54,460,764,250
180,Dem. Rep. of the Congo,2024,54,466,772,252
208,Denmark,2004,11,3,35,21
208,Denmark,2010,12,3,33,18
208,Denmark,2015,15,1,36,20
208,Denmark,2020,16,30,77,31
208,Denmark,2022,20,32,91,39
208,Denmark,2023,21,2,62,39
208,Denmark,2024,20,46,110,44
262,Djibouti,2004,0,2,21,19
262,Djibouti,2010,50,2,81,29
262,Djibouti,2015,57,3,94,34
262,Djibouti,2020,57,3,110,50
262,Djibouti,2022,57,4,129,68
262,Djibouti,2023,57,4,136,75
262,Djibouti,2024,118,4,200,78
212,Dominica,2004,0,11,33,22
212,Dominica,2010,11,10,48,27
212,Dominica,2015,11,11,62,40
212,Dominica,2020,11,12,74,51
212,Dominica,2022,25,20,108,63
212,Dominica,2023,25,20,108,63
212,Dominica,2024,25,20,115,70
214,Dominican Republic,2004,2,30,104,72
214,Dominican Republic,2010,16,30,126,80
214,Dominican Republic,2015,16,42,153,95
214,Dominican Republic,2020,19,48,203,136
214,Dominican Republic,2022,36,104,304,164
214,Dominican Republic,2023,35,151,348,162
214,Dominican Republic,2024,37,174,380,169
218,Ecuador,2004,48,1815,2151,288
218,Ecuador,2010,62,1837,2255,356
218,Ecuador,2015,65,1848,2308,395
218,Ecuador,2020,70,1961,2501,470
218,Ecuador,2022,76,2044,2692,572
218,Ecuador,2023,77,2061,2732,594
218,Ecuador,2024,84,2099,2778,595
818,Egypt,2004,1,2,46,43
818,Egypt,2010,46,2,121,73
818,Egypt,2015,55,3,141,83
818,Egypt,2020,57,8,172,107
818,Egypt,2022,60,13,209,136
818,Egypt,2023,60,13,216,143
818,Egypt,2024,132,13,292,147
222,El Salvador,2004,1,25,49,23
222,El Salvador,2010,6,27,72,39
222,El Salvador,2015,7,29,83,47
222,El Salvador,2020,10,42,107,55
222,El Salvador,2022,10,82,177,85
222,El Salvador,2023,11,106,202,85
222,El Salvador,2024,13,108,214,93
226,Equatorial Guinea,2004,2,61,101,38
226,Equatorial Guinea,2010,2,68,130,60
226,Equatorial Guinea,2015,5,79,155,71
226,Equatorial Guinea,2020,4,107,205,94
226,Equatorial Guinea,2022,4,170,297,123
226,Equatorial Guinea,2023,4,181,309,124
226,Equatorial Guinea,2024,5,182,314,127
232,Eritrea,2004,0,3,34,31
232,Eritrea,2010,50,3,97,44
232,Eritrea,2015,58,4,113,51
232,Eritrea,2020,58,6,143,79
232,Eritrea,2022,58,7,161,96
232,Eritrea,2023,58,7,164,99
232,Eritrea,2024,135,7,244,102
233,Estonia,2004,4,0,12,8
233,Estonia,2010,3,0,11,8
233,Estonia,2015,6,0,17,11
233,Estonia,2020,7,26,48,15
233,Estonia,2022,10,30,56,16
233,Estonia,2023,10,2,28,16
233,Estonia,2024,13,40,73,20
748,Eswatini,2004,0,11,23,12
748,Eswatini,2010,0,11,29,18
748,Eswatini,2015,0,11,34,23
748,Eswatini,2020,0,13,41,28
748,Eswatini,2022,3,14,47,30
748,Eswatini,2023,3,50,83,30
748,Eswatini,2024,4,50,85,31
231,Ethiopia,2004,6,22,93,65
231,Ethiopia,2010,15,26,120,79
231,Ethiopia,2015,15,41,145,89
231,Ethiopia,2020,15,64,180,101
231,Ethiopia,2022,15,115,237,107
231,Ethiopia,2023,15,210,331,106
231,Ethiopia,2024,15,211,335,109
238,Falkland Islands (Malvinas),2004,0,5,26,21
238,Falkland Islands (Malvinas),2010,0,5,23,18
238,Falkland Islands (Malvinas),2015,0,5,23,18
238,Falkland Islands (Malvinas),2020,0,6,24,18
238,Falkland Islands (Malvinas),2022,0,11,30,19
238,Falkland Islands (Malvinas),2023,0,5,25,20
238,Falkland Islands (Malvinas),2024,0,11,32,21
234,Faroe Islands,2004,0,0,11,11
234,Faroe Islands,2010,0,0,13,13
234,Faroe Islands,2015,0,0,14,14
234,Faroe Islands,2020,0,5,29,24
234,Faroe Islands,2022,0,5,35,30
234,Faroe Islands,2023,0,1,32,31
234,Faroe Islands,2024,1,5,40,34
242,Fiji,2004,2,66,101,33
242,Fiji,2010,90,65,192,37
242,Fiji,2015,165,65,278,48
242,Fiji,2020,172,87,321,62
242,Fiji,2022,192,95,357,70
242,Fiji,2023,193,96,362,73
242,Fiji,2024,294,194,560,72
246,Finland,2004,10,1,25,14
246,Finland,2010,7,1,18,10
246,Finland,2015,10,2,25,13
246,Finland,2020,10,32,61,19
246,Finland,2022,15,34,68,19
246,Finland,2023,17,4,40,19
246,Finland,2024,20,47,88,21
250,France,2004,65,2,120,53
250,France,2010,91,15,168,62
250,France,2015,133,33,236,70
250,France,2020,162,116,366,88
250,France,2022,225,124,466,117
250,France,2023,229,66,417,122
250,France,2024,240,146,518,132
254,French Guiana,2004,0,16,49,33
254,French Guiana,2010,0,16,56,40
254,French Guiana,2015,0,16,67,51
254,French Guiana,2020,0,20,79,59
254,French Guiana,2022,1,43,130,86
254,French Guiana,2023,1,65,162,96
254,French Guiana,2024,1,70,173,102
258,French Polynesia,2004,29,47,122,46
258,French Polynesia,2010,59,47,160,54
258,French Polynesia,2015,65,47,175,63
258,French Polynesia,2020,65,48,181,68
258,French Polynesia,2022,68,56,199,75
258,French Polynesia,2023,76,293,448,79
258,French Polynesia,2024,154,293,528,81
260,French Southern Territories,2004,0,0,17,17
260,French Southern Territories,2010,0,0,21,21
260,French Southern Territories,2015,0,0,22,22
260,French Southern Territories,2020,0,1,29,28
260,French Southern Territories,2022,0,2,36,34
260,French Southern Territories,2023,0,2,38,36
260,French Southern Territories,2024,0,2,40,38
266,Gabon,2004,1,107,139,31
266,Gabon,2010,0,120,204,84
266,Gabon,2015,3,135,231,93
266,Gabon,2020,4,215,329,110
266,Gabon,2022,4,473,610,133
266,Gabon,2023,4,501,638,133
266,Gabon,2024,4,500,641,137
270,Gambia,2004,0,4,21,17
270,Gambia,2010,0,4,43,39
270,Gambia,2015,2,5,55,48
270,Gambia,2020,2,7,87,78
270,Gambia,2022,3,6,124,115
270,Gambia,2023,3,6,127,118
270,Gambia,2024,3,6,130,121
268,Georgia,2004,10,0,43,33
268,Georgia,2010,9,0,46,37
268,Georgia,2015,15,61,114,38
268,Georgia,2020,15,69,126,42
268,Georgia,2022,14,75,132,43
268,Georgia,2023,12,72,128,44
268,Georgia,2024,12,80,137,45
276,Germany,2004,31,12,78,35
276,Germany,2010,34,12,79,33
276,Germany,2015,57,17,107,33
276,Germany,2020,61,97,200,42
276,Germany,2022,98,104,256,54
276,Germany,2023,101,51,209,57
276,Germany,2024,98,120,281,63
288,Ghana,2004,0,117,160,43
288,Ghana,2010,1,118,202,83
288,Ghana,2015,5,119,223,99
288,Ghana,2020,5,122,255,128
288,Ghana,2022,12,127,292,153
288,Ghana,2023,12,126,292,154
288,Ghana,2024,13,125,296,158
292,Gibraltar,2004,2,0,18,16
292,Gibraltar,2010,2,0,22,20
292,Gibraltar,2015,5,0,26,21
292,Gibraltar,2020,6,1,36,29
292,Gibraltar,2022,9,1,59,49
292,Gibraltar,2023,9,1,62,52
292,Gibraltar,2024,9,1,65,55
300,Greece,2004,11,2,75,62
300,Greece,2010,36,13,156,107
300,Greece,2015,122,58,291,111
300,Greece,2020,309,84,520,127
300,Greece,2022,363,95,601,143
300,Greece,2023,366,86,590,138
300,Greece,2024,487,351,981,141
304,Greenland,2004,0,1,12,11
304,Greenland,2010,0,1,14,13
304,Greenland,2015,0,1,17,16
304,Greenland,2020,0,3,27,24
304,Greenland,2022,0,3,31,28
304,Greenland,2023,0,1,29,28
304,Greenland,2024,1,3,33,29
308,Grenada,2004,0,3,23,20
308,Grenada,2010,10,3,37,24
308,Grenada,2015,10,3,51,38
308,Grenada,2020,10,3,60,47
308,Grenada,2022,26,7,94,61
308,Grenada,2023,26,7,94,61
308,Grenada,2024,27,7,102,68
312,Guadeloupe,2004,1,7,33,25
312,Guadeloupe,2010,16,8,54,30
312,Guadeloupe,2015,16,9,70,45
312,Guadeloupe,2020,16,10,83,57
312,Guadeloupe,2022,30,19,121,72
312,Guadeloupe,2023,30,20,122,72
312,Guadeloupe,2024,27,20,126,79
316,Guam,2004,5,3,24,16
316,Guam,2010,6,4,34,24
316,Guam,2015,60,4,95,31
316,Guam,2020,60,5,107,42
316,Guam,2022,61,5,111,45
316,Guam,2023,60,5,112,47
316,Guam,2024,122,5,174,47
320,Guatemala,2004,8,85,208,115
320,Guatemala,2010,8,82,230,140
320,Guatemala,2015,9,97,282,176
320,Guatemala,2020,13,150,352,189
320,Guatemala,2022,36,395,698,267
320,Guatemala,2023,38,470,775,267
320,Guatemala,2024,44,480,801,277
831,Guernsey,2010,0,0,2,2
831,Guernsey,2015,0,0,2,2
831,Guernsey,2020,0,0,12,12
831,Guernsey,2022,1,0,16,15
831,Guernsey,2023,1,0,16,15
831,Guernsey,2024,1,1,18,16
324,Guinea,2004,3,22,67,42
324,Guinea,2010,5,22,134,107
324,Guinea,2015,7,34,163,122
324,Guinea,2020,8,189,365,168
324,Guinea,2022,11,221,422,190
324,Guinea,2023,11,226,429,192
324,Guinea,2024,11,228,434,195
624,Guinea-Bissau,2004,1,4,22,17
624,Guinea-Bissau,2010,0,4,52,48
624,Guinea-Bissau,2015,2,5,66,59
624,Guinea-Bissau,2020,2,10,92,80
624,Guinea-Bissau,2022,3,12,125,110
624,Guinea-Bissau,2023,3,12,127,112
624,Guinea-Bissau,2024,4,12,130,114
328,Guyana,2004,1,23,65,41
328,Guyana,2010,1,22,69,46
328,Guyana,2015,1,23,87,63
328,Guyana,2020,1,35,122,86
328,Guyana,2022,1,84,202,117
328,Guyana,2023,1,156,297,140
328,Guyana,2024,1,171,317,145
332,Haiti,2004,2,28,116,86
332,Haiti,2010,14,29,137,94
332,Haiti,2015,14,42,169,113
332,Haiti,2020,14,94,269,161
332,Haiti,2022,30,228,450,192
332,Haiti,2023,30,277,499,192
332,Haiti,2024,30,296,526,200
334,Heard Is. and McDonald Is.,2004,0,0,12,12
334,Heard Is. and McDonald Is.,2010,0,0,12,12
334,Heard Is. and McDonald Is.,2015,0,0,12,12
334,Heard Is. and McDonald Is.,2020,0,0,12,12
334,Heard Is. and McDonald Is.,2022,0,0,13,13
334,Heard Is. and McDonald Is.,2023,0,0,13,13
334,Heard Is. and McDonald Is.,2024,0,0,13,13
336,Holy See,2010,0,0,1,1
336,Holy See,2015,0,0,1,1
336,Holy See,2020,0,0,1,1
336,Holy See,2022,0,0,2,2
336,Holy See,2023,0,0,2,2
336,Holy See,2024,0,0,3,3
340,Honduras,2004,2,111,206,93
340,Honduras,2010,17,113,240,110
340,Honduras,2015,18,120,294,156
340,Honduras,2020,21,140,342,181
340,Honduras,2022,36,198,480,246
340,Honduras,2023,36,214,496,246
340,Honduras,2024,38,219,511,254
348,Hungary,2004,25,1,51,25
348,Hungary,2010,26,1,47,20
348,Hungary,2015,35,10,67,22
348,Hungary,2020,33,63,123,27
348,Hungary,2022,46,65,143,32
348,Hungary,2023,48,45,127,34
348,Hungary,2024,48,71,153,34
352,Iceland,2004,0,0,15,15
352,Iceland,2010,0,0,17,17
352,Iceland,2015,0,0,21,21
352,Iceland,2020,0,6,36,30
352,Iceland,2022,1,6,41,34
352,Iceland,2023,1,0,36,35
352,Iceland,2024,2,10,50,38
356,India,2004,23,246,552,283
356,India,2010,113,255,758,390
356,India,2015,135,384,1039,520
356,India,2020,138,430,1118,550
356,India,2022,142,542,1355,671
356,India,2023,142,637,1543,764
356,India,2024,236,675,1673,762
360,Indonesia,2004,31,383,833,419
360,Indonesia,2010,246,393,1142,503
360,Indonesia,2015,290,426,1246,530
360,Indonesia,2020,364,627,1654,663
360,Indonesia,2022,383,1049,2282,850
360,Indonesia,2023,385,1371,2601,845
360,Indonesia,2024,444,1430,2735,861
364,Iran (Islamic Republic of),2004,3,1,69,65
364,Iran (Islamic Republic of),2010,19,1,102,82
364,Iran (Islamic Republic of),2015,24,3,121,94
364,Iran (Islamic Republic of),2020,24,12,161,125
364,Iran (Islamic Republic of),2022,23,18,191,150
364,Iran (Islamic Republic of),2023,22,19,194,153
364,Iran (Islamic Republic of),2024,43,20,217,154
368,Iraq,2004,2,0,35,33
368,Iraq,2010,15,0,60,45
368,Iraq,2015,17,1,69,51
368,Iraq,2020,17,4,80,59
368,Iraq,2022,16,4,98,78
368,Iraq,2023,15,4,103,84
368,Iraq,2024,33,4,124,87
372,Ireland,2004,3,1,22,18
372,Ireland,2010,2,1,27,24
372,Ireland,2015,6,1,39,32
372,Ireland,2020,6,27,79,46
372,Ireland,2022,7,28,92,57
372,Ireland,2023,8,8,76,60
372,Ireland,2024,9,38,110,63
833,Isle of Man,2010,0,0,2,2
833,Isle of Man,2015,0,0,3,3
833,Isle of Man,2020,0,1,6,5
833,Isle of Man,2022,0,1,10,9
833,Isle of Man,2023,0,1,10,9
833,Isle of Man,2024,0,6,17,11
376,Israel,2004,10,0,57,47
376,Israel,2010,58,0,131,73
376,Israel,2015,74,0,152,78
376,Israel,2020,74,28,207,105
376,Israel,2022,76,41,247,130
376,Israel,2023,75,41,253,137
376,Israel,2024,146,43,329,140
380,Italy,2004,58,3,114,53
380,Italy,2010,77,27,174,70
380,Italy,2015,136,67,279,76
380,Italy,2020,223,164,482,95
380,Italy,2022,275,169,558,114
380,Italy,2023,280,121,519,118
380,Italy,2024,282,184,599,133
388,Jamaica,2004,5,208,267,54
388,Jamaica,2010,15,209,282,58
388,Jamaica,2015,15,214,298,69
388,Jamaica,2020,15,214,323,94
388,Jamaica,2022,30,215,359,114
388,Jamaica,2023,30,213,356,113
388,Jamaica,2024,30,213,363,120
392,Japan,2004,45,12,205,148
392,Japan,2010,157,15,330,158
392,Japan,2015,170,23,364,171
392,Japan,2020,177,65,470,228
392,Japan,2022,206,90,612,316
392,Japan,2023,205,74,599,320
392,Japan,2024,273,92,690,325
832,Jersey,2010,0,0,2,2
832,Jersey,2015,1,0,3,2
832,Jersey,2020,1,1,14,12
832,Jersey,2022,2,1,18,15
832,Jersey,2023,2,0,17,15
832,Jersey,2024,2,2,21,17
400,Jordan,2004,3,0,30,27
400,Jordan,2010,48,1,90,41
400,Jordan,2015,61,1,102,40
400,Jordan,2020,61,8,121,52
400,Jordan,2022,61,8,131,62
400,Jordan,2023,60,8,136,68
400,Jordan,2024,131,8,210,71
398,Kazakhstan,2004,4,1,53,48
398,Kazakhstan,2010,4,16,73,53
398,Kazakhstan,2015,7,16,78,55
398,Kazakhstan,2020,7,15,81,59
398,Kazakhstan,2022,7,22,99,70
398,Kazakhstan,2023,6,21,95,68
398,Kazakhstan,2024,6,23,98,69
404,Kenya,2004,27,103,229,99
404,Kenya,2010,72,129,338,137
404,Kenya,2015,84,222,463,157
404,Kenya,2020,93,277,549,179
404,Kenya,2022,99,402,697,196
404,Kenya,2023,99,408,724,217
404,Kenya,2024,166,429,815,220
296,Kiribati,2004,1,0,11,10
296,Kiribati,2010,73,0,90,17
296,Kiribati,2015,81,0,100,19
296,Kiribati,2020,81,0,108,27
296,Kiribati,2022,82,0,116,34
296,Kiribati,2023,82,0,116,34
296,Kiribati,2024,167,0,201,34
414,Kuwait,2004,0,0,20,20
414,Kuwait,2010,13,0,41,28
414,Kuwait,2015,13,0,42,29
414,Kuwait,2020,13,0,57,44
414,Kuwait,2022,13,0,72,59
414,Kuwait,2023,13,0,76,63
414,Kuwait,2024,31,0,97,66
417,Kyrgyzstan,2004,3,1,16,12
417,Kyrgyzstan,2010,3,14,40,23
417,Kyrgyzstan,2015,4,14,41,23
417,Kyrgyzstan,2020,4,13,43,26
417,Kyrgyzstan,2022,3,23,61,35
417,Kyrgyzstan,2023,3,23,62,36
417,Kyrgyzstan,2024,3,23,62,36
418,Lao People's Dem. Rep.,2004,0,19,91,72
418,Lao People's Dem. Rep.,2010,3,22,132,107
418,Lao People's Dem. Rep.,2015,21,41,210,148
418,Lao People's Dem. Rep.,2020,21,63,250,166
418,Lao People's Dem. Rep.,2022,23,89,292,180
418,Lao People's Dem. Rep.,2023,23,122,323,178
418,Lao People's Dem. Rep.,2024,23,132,339,184
428,Latvia,2004,8,0,23,15
428,Latvia,2010,9,0,18,9
428,Latvia,2015,12,0,25,13
428,Latvia,2020,12,10,40,18
428,Latvia,2022,16,11,47,20
428,Latvia,2023,16,1,37,20
428,Latvia,2024,18,18,59,23
422,Lebanon,2004,1,0,26,25
422,Lebanon,2010,5,1,50,44
422,Lebanon,2015,16,5,69,48
422,Lebanon,2020,19,29,109,61
422,Lebanon,2022,20,101,193,72
422,Lebanon,2023,19,101,191,71
422,Lebanon,2024,19,101,194,74
426,Lesotho,2004,1,1,13,11
426,Lesotho,2010,2,4,16,10
426,Lesotho,2015,3,4,17,10
426,Lesotho,2020,2,4,19,13
426,Lesotho,2022,1,5,20,14
426,Lesotho,2023,1,5,20,14
426,Lesotho,2024,1,5,21,15
430,Liberia,2004,3,46,94,45
430,Liberia,2010,9,47,147,91
430,Liberia,2015,11,49,158,98
430,Liberia,2020,10,86,218,122
430,Liberia,2022,12,137,294,145
430,Liberia,2023,12,144,302,146
430,Liberia,2024,13,145,306,148
434,Libya,2004,0,1,25,24
434,Libya,2010,0,2,44,42
434,Libya,2015,2,3,54,49
434,Libya,2020,5,8,75,62
434,Libya,2022,6,8,92,78
434,Libya,2023,6,8,95,81
434,Libya,2024,6,8,99,85
438,Liechtenstein,2004,5,0,8,3
438,Liechtenstein,2010,2,0,2,0
438,Liechtenstein,2015,4,0,4,0
438,Liechtenstein,2020,6,5,13,2
438,Liechtenstein,2022,7,5,15,3
438,Liechtenstein,2023,8,1,13,4
438,Liechtenstein,2024,8,6,19,5
440,Lithuania,2004,5,0,17,12
440,Lithuania,2010,5,0,17,12
440,Lithuania,2015,7,1,22,14
440,Lithuania,2020,8,15,41,18
440,Lithuania,2022,10,16,44,18
440,Lithuania,2023,11,2,31,18
440,Lithuania,2024,11,21,51,19
442,Luxembourg,2004,4,0,10,6
442,Luxembourg,2010,4,0,5,1
442,Luxembourg,2015,7,0,9,2
442,Luxembourg,2020,7,5,16,4
442,Luxembourg,2022,8,5,17,4
442,Luxembourg,2023,11,3,19,5
442,Luxembourg,2024,10,8,27,9
450,Madagascar,2004,32,276,530,222
450,Madagascar,2010,100,280,663,283
450,Madagascar,2015,110,409,965,446
450,Madagascar,2020,195,2159,2910,556
450,Madagascar,2022,283,2898,3747,566
450,Madagascar,2023,287,2980,3838,571
450,Madagascar,2024,358,3038,3971,575
454,Malawi,2004,11,14,50,25
454,Malawi,2010,17,14,158,127
454,Malawi,2015,16,25,171,130
454,Malawi,2020,14,42,130,74
454,Malawi,2022,15,61,152,76
454,Malawi,2023,18,64,158,76
454,Malawi,2024,18,66,162,78
458,Malaysia,2004,19,683,892,190
458,Malaysia,2010,242,692,1180,246
458,Malaysia,2015,262,721,1252,269
458,Malaysia,2020,314,997,1662,351
458,Malaysia,2022,325,1335,2090,430
458,Malaysia,2023,329,1449,2210,432
458,Malaysia,2024,388,1485,2313,440
462,Maldives,2004,0,0,12,12
462,Maldives,2010,39,0,59,20
462,Maldives,2015,46,0,69,23
462,Maldives,2020,45,0,80,35
462,Maldives,2022,45,0,91,46
462,Maldives,2023,45,0,97,52
462,Maldives,2024,128,0,184,56
466,Mali,2004,0,6,25,19
466,Mali,2010,0,6,29,23
466,Mali,2015,0,8,39,31
466,Mali,2020,0,25,62,37
466,Mali,2022,5,29,72,38
466,Mali,2023,5,29,73,39
466,Mali,2024,5,29,76,42
470,Malta,2004,3,0,25,22
470,Malta,2010,3,3,26,20
470,Malta,2015,4,4,31,23
470,Malta,2020,6,5,49,38
470,Malta,2022,11,5,69,53
470,Malta,2023,12,4,70,54
470,Malta,2024,13,5,76,58
584,Marshall Islands,2004,1,0,13,12
584,Marshall Islands,2010,67,0,84,17
584,Marshall Islands,2015,73,0,95,22
584,Marshall Islands,2020,73,0,104,31
584,Marshall Islands,2022,74,0,111,37
584,Marshall Islands,2023,74,0,114,40
584,Marshall Islands,2024,168,0,209,41
474,Martinique,2004,1,8,29,20
474,Martinique,2010,1,8,31,22
474,Martinique,2015,2,9,45,34
474,Martinique,2020,2,9,62,51
474,Martinique,2022,25,20,107,62
474,Martinique,2023,25,19,106,62
474,Martinique,2024,25,20,114,69
478,Mauritania,2004,1,0,26,25
478,Mauritania,2010,1,0,58,57
478,Mauritania,2015,3,0,69,66
478,Mauritania,2020,3,0,94,91
478,Mauritania,2022,4,1,131,126
478,Mauritania,2023,4,1,133,128
478,Mauritania,2024,6,1,139,132
480,Mauritius,2004,32,87,147,28
480,Mauritius,2010,98,88,222,36
480,Mauritius,2015,118,90,249,41
480,Mauritius,2020,124,92,272,56
480,Mauritius,2022,126,103,292,63
480,Mauritius,2023,126,103,294,65
480,Mauritius,2024,198,103,369,68
175,Mayotte,2004,1,0,7,6
175,Mayotte,2010,60,0,69,9
175,Mayotte,2015,69,0,84,15
175,Mayotte,2020,72,4,102,26
175,Mayotte,2022,77,14,126,35
175,Mayotte,2023,77,14,130,39
175,Mayotte,2024,144,14,200,42
484,Mexico,2004,41,261,748,446
484,Mexico,2010,79,255,943,609
484,Mexico,2015,93,377,1109,639
484,Mexico,2020,114,791,1656,751
484,Mexico,2022,143,1484,2437,810
484,Mexico,2023,166,1632,2605,807
484,Mexico,2024,174,1634,2626,816
583,Micronesia (Fed. States of),2004,4,4,30,22
583,Micronesia (Fed. States of),2010,108,5,148,35
583,Micronesia (Fed. States of),2015,115,4,163,44
583,Micronesia (Fed. States of),2020,116,5,170,49
583,Micronesia (Fed. States of),2022,121,8,188,59
583,Micronesia (Fed. States of),2023,120,15,197,62
583,Micronesia (Fed. States of),2024,200,16,280,64
492,Monaco,2004,0,0,9,9
492,Monaco,2010,0,0,11,11
492,Monaco,2015,3,0,16,13
492,Monaco,2020,4,2,34,28
492,Monaco,2022,5,2,48,41
492,Monaco,2023,5,2,50,43
492,Monaco,2024,6,2,54,46
496,Mongolia,2004,3,0,39,36
496,Mongolia,2010,3,0,36,33
496,Mongolia,2015,3,0,36,33
496,Mongolia,2020,3,3,43,37
496,Mongolia,2022,2,5,43,36
496,Mongolia,2023,2,1,38,35
496,Mongolia,2024,2,5,44,37
499,Montenegro,2010,28,0,72,44
499,Montenegro,2015,34,2,85,49
499,Montenegro,2020,43,10,113,60
499,Montenegro,2022,78,10,165,77
499,Montenegro,2023,84,6,169,79
499,Montenegro,2024,83,12,185,90
500,Montserrat,2004,0,3,21,18
500,Montserrat,2010,11,3,35,21
500,Montserrat,2015,11,6,54,37
500,Montserrat,2020,11,7,62,44
500,Montserrat,2022,25,8,88,55
500,Montserrat,2023,25,8,88,55
500,Montserrat,2024,26,8,96,62
504,Morocco,2004,8,2,50,40
504,Morocco,2010,40,31,157,86
504,Morocco,2015,52,34,176,90
504,Morocco,2020,71,61,238,106
504,Morocco,2022,73,64,278,141
504,Morocco,2023,84,58,285,143
504,Morocco,2024,85,67,301,149
508,Mozambique,2004,5,46,115,64
508,Mozambique,2010,59,52,209,98
508,Mozambique,2015,67,84,268,117
508,Mozambique,2020,65,208,426,153
508,Mozambique,2022,67,300,545,178
508,Mozambique,2023,68,306,559,185
508,Mozambique,2024,134,307,627,186
104,Myanmar,2004,2,38,147,107
104,Myanmar,2010,64,42,249,143
104,Myanmar,2015,77,61,301,163
104,Myanmar,2020,77,80,357,200
104,Myanmar,2022,78,113,445,254
104,Myanmar,2023,78,181,517,258
104,Myanmar,2024,166,195,627,266
516,Namibia,2004,1,24,69,44
516,Namibia,2010,0,26,92,66
516,Namibia,2015,4,28,105,73
516,Namibia,2020,4,28,117,85
516,Namibia,2022,4,49,153,100
516,Namibia,2023,4,66,172,102
516,Namibia,2024,5,66,176,105
520,Nauru,2004,0,0,5,5
520,Nauru,2010,62,0,74,12
520,Nauru,2015,68,0,80,12
520,Nauru,2020,68,0,86,18
520,Nauru,2022,69,0,94,25
520,Nauru,2023,69,0,96,27
520,Nauru,2024,154,0,182,28
524,Nepal,2004,1,7,77,69
524,Nepal,2010,3,7,93,83
524,Nepal,2015,3,17,105,85
524,Nepal,2020,3,20,109,86
524,Nepal,2022,3,28,131,100
524,Nepal,2023,3,31,130,96
524,Nepal,2024,3,35,137,99
528,Netherlands (Kingdom of the),2004,7,0,34,27
528,Netherlands (Kingdom of the),2010,6,0,24,18
528,Netherlands (Kingdom of the),2015,10,0,29,19
528,Netherlands (Kingdom of the),2020,11,29,71,31
528,Netherlands (Kingdom of the),2022,17,29,83,37
528,Netherlands (Kingdom of the),2023,20,3,61,38
528,Netherlands (Kingdom of the),2024,19,44,106,43
530,Netherlands Antilles [former],2004,0,2,28,26
530,Netherlands Antilles [former],2010,11,3,38,24
540,New Caledonia,2004,11,217,262,34
540,New Caledonia,2010,97,257,415,61
540,New Caledonia,2015,125,259,493,109
540,New Caledonia,2020,129,510,759,120
540,New Caledonia,2022,130,723,1002,149
540,New Caledonia,2023,130,717,1000,153
540,New Caledonia,2024,221,747,1125,157
554,New Zealand,2004,14,21,149,114
554,New Zealand,2010,15,21,153,117
554,New Zealand,2015,46,21,197,130
554,New Zealand,2020,61,34,261,166
554,New Zealand,2022,65,34,277,178
554,New Zealand,2023,65,21,266,180
554,New Zealand,2024,67,44,294,183
558,Nicaragua,2004,2,39,90,49
558,Nicaragua,2010,17,43,121,61
558,Nicaragua,2015,18,44,141,79
558,Nicaragua,2020,20,52,161,89
558,Nicaragua,2022,35,121,303,147
558,Nicaragua,2023,35,129,310,146
558,Nicaragua,2024,38,129,321,154
562,Niger,2004,1,2,15,12
562,Niger,2010,2,2,26,22
562,Niger,2015,1,3,31,27
562,Niger,2020,1,4,37,32
562,Niger,2022,2,4,43,37
562,Niger,2023,2,4,44,38
562,Niger,2024,2,4,47,41
566,Nigeria,2004,1,170,232,61
566,Nigeria,2010,12,172,297,113
566,Nigeria,2015,17,189,333,127
566,Nigeria,2020,13,211,380,156
566,Nigeria,2022,15,258,461,188
566,Nigeria,2023,15,262,467,190
566,Nigeria,2024,15,263,473,195
570,Niue,2004,0,0,12,12
570,Niue,2010,23,0,43,20
570,Niue,2015,30,0,50,20
570,Niue,2020,30,1,56,25
570,Niue,2022,31,2,63,30
570,Niue,2023,31,2,66,33
570,Niue,2024,103,2,138,33
574,Norfolk Island,2004,12,1,34,21
574,Norfolk Island,2010,21,1,41,19
574,Norfolk Island,2015,23,1,41,17
574,Norfolk Island,2020,23,2,50,25
574,Norfolk Island,2022,24,2,54,28
574,Norfolk Island,2023,24,2,54,28
574,Norfolk Island,2024,38,2,69,29
807,North Macedonia,2004,5,0,29,24
807,North Macedonia,2010,59,0,90,31
807,North Macedonia,2015,69,0,100,31
807,North Macedonia,2020,86,13,133,34
807,North Macedonia,2022,98,13,147,36
807,North Macedonia,2023,99,6,142,37
807,North Macedonia,2024,100,15,160,45
580,Northern Mariana Islands,2004,2,4,28,22
580,Northern Mariana Islands,2010,51,5,85,29
580,Northern Mariana Islands,2015,57,5,99,37
580,Northern Mariana Islands,2020,57,6,105,42
580,Northern Mariana Islands,2022,58,6,108,44
580,Northern Mariana Islands,2023,57,7,111,47
580,Northern Mariana Islands,2024,121,7,175,47
578,Norway,2004,9,2,33,22
578,Norway,2010,7,2,36,27
578,Norway,2015,10,4,44,30
578,Norway,2020,10,61,115,44
578,Norway,2022,15,68,135,52
578,Norway,2023,16,20,89,53
578,Norway,2024,17,85,161,59
512,Oman,2004,1,6,55,48
512,Oman,2010,26,6,79,47
512,Oman,2015,31,6,90,53
512,Oman,2020,31,6,112,75
512,Oman,2022,32,9,147,106
512,Oman,2023,32,9,154,113
512,Oman,2024,66,9,191,116
158,Other non-specified areas,2004,0,78,157,79
158,Other non-specified areas,2010,122,78,304,104
158,Other non-specified areas,2015,128,83,325,114
158,Other non-specified areas,2020,129,89,362,144
158,Other non-specified areas,2022,131,90,425,204
158,Other non-specified areas,2023,130,88,430,212
158,Other non-specified areas,2024,207,95,520,218
586,Pakistan,2004,0,2,72,70
586,Pakistan,2010,15,2,109,92
586,Pakistan,2015,18,12,129,99
586,Pakistan,2020,18,13,155,124
586,Pakistan,2022,18,22,233,193
586,Pakistan,2023,18,23,238,197
586,Pakistan,2024,25,24,247,198
585,Palau,2004,5,3,21,13
585,Palau,2010,102,4,128,22
585,Palau,2015,146,4,177,27
585,Palau,2020,148,5,189,36
585,Palau,2022,149,5,198,44
585,Palau,2023,150,9,210,51
585,Palau,2024,244,9,307,54
591,Panama,2004,2,195,310,113
591,Panama,2010,20,202,347,125
591,Panama,2015,22,203,373,148
591,Panama,2020,22,208,400,170
591,Panama,2022,39,264,561,258
591,Panama,2023,40,288,585,257
591,Panama,2024,47,284,594,263
598,Papua New Guinea,2004,12,142,295,141
598,Papua New Guinea,2010,171,143,453,139
598,Papua New Guinea,2015,181,151,478,146
598,Papua New Guinea,2020,183,229,585,173
598,Papua New Guinea,2022,206,664,1133,263
598,Papua New Guinea,2023,206,733,1201,262
598,Papua New Guinea,2024,275,748,1289,266
600,Paraguay,2004,0,10,50,40
600,Paraguay,2010,0,10,48,38
600,Paraguay,2015,0,19,58,39
600,Paraguay,2020,1,20,67,46
600,Paraguay,2022,2,24,83,57
600,Paraguay,2023,2,29,100,69
600,Paraguay,2024,2,34,109,73
604,Peru,2004,2,274,508,232
604,Peru,2010,3,274,551,274
604,Peru,2015,8,318,643,317
604,Peru,2020,9,414,819,396
604,Peru,2022,11,569,985,405
604,Peru,2023,11,732,1165,422
604,Peru,2024,11,790,1218,417
608,Philippines,2004,19,212,456,225
608,Philippines,2010,213,222,697,262
608,Philippines,2015,237,239,767,291
608,Philippines,2020,323,268,884,293
608,Philippines,2022,350,931,1624,343
608,Philippines,2023,356,1072,1776,348
608,Philippines,2024,407,1163,1917,347
612,Pitcairn,2004,5,7,27,15
612,Pitcairn,2010,15,7,42,20
612,Pitcairn,2015,16,7,43,20
612,Pitcairn,2020,16,7,44,21
612,Pitcairn,2022,17,10,48,21
612,Pitcairn,2023,17,10,48,21
612,Pitcairn,2024,50,10,81,21
616,Poland,2004,15,4,46,27
616,Poland,2010,16,4,37,17
616,Poland,2015,22,10,51,19
616,Poland,2020,28,44,95,23
616,Poland,2022,42,45,113,26
616,Poland,2023,44,16,87,27
616,Poland,2024,46,55,132,31
620,Portugal,2004,82,15,148,51
620,Portugal,2010,79,21,171,71
620,Portugal,2015,94,81,256,81
620,Portugal,2020,205,154,465,106
620,Portugal,2022,256,157,540,127
620,Portugal,2023,256,141,526,129
620,Portugal,2024,254,160,543,126
630,Puerto Rico,2004,1,52,97,44
630,Puerto Rico,2010,1,53,103,49
630,Puerto Rico,2015,0,57,127,70
630,Puerto Rico,2020,0,67,146,79
630,Puerto Rico,2022,25,78,197,94
630,Puerto Rico,2023,25,78,197,94
630,Puerto Rico,2024,26,110,236,100
634,Qatar,2004,0,0,12,12
634,Qatar,2010,13,0,32,19
634,Qatar,2015,13,0,35,22
634,Qatar,2020,13,0,50,37
634,Qatar,2022,13,0,71,58
634,Qatar,2023,13,0,76,63
634,Qatar,2024,32,0,98,66
410,Republic of Korea,2004,1,0,55,54
410,Republic of Korea,2010,3,3,64,58
410,Republic of Korea,2015,4,7,76,65
410,Republic of Korea,2020,8,38,136,90
410,Republic of Korea,2022,11,41,175,123
410,Republic of Korea,2023,21,38,199,140
410,Republic of Korea,2024,30,41,216,145
498,Republic of Moldova,2004,5,0,27,22
498,Republic of Moldova,2010,3,0,27,24
498,Republic of Moldova,2015,5,2,29,22
498,Republic of Moldova,2020,6,2,33,25
498,Republic of Moldova,2022,6,2,36,28
498,Republic of Moldova,2023,7,2,37,28
498,Republic of Moldova,2024,7,2,37,28
642,Romania,2004,22,1,63,40
642,Romania,2010,24,1,64,39
642,Romania,2015,38,5,85,42
642,Romania,2020,67,22,140,51
642,Romania,2022,92,23,170,55
642,Romania,2023,94,14,165,57
642,Romania,2024,94,26,181,61
643,Russian Federation,2004,30,7,151,114
643,Russian Federation,2010,25,8,126,93
643,Russian Federation,2015,36,55,217,126
643,Russian Federation,2020,38,100,279,141
643,Russian Federation,2022,44,109,316,163
643,Russian Federation,2023,45,68,276,163
643,Russian Federation,2024,45,120,333,168
646,Rwanda,2004,4,3,37,30
646,Rwanda,2010,2,4,55,49
646,Rwanda,2015,2,8,61,51
646,Rwanda,2020,4,112,168,52
646,Rwanda,2022,4,134,195,57
646,Rwanda,2023,4,136,196,56
646,Rwanda,2024,4,136,198,58
638,R�union,2004,16,14,48,18
638,R�union,2010,73,15,104,16
638,R�union,2015,87,17,126,22
638,R�union,2020,89,21,145,35
638,R�union,2022,90,23,158,45
638,R�union,2023,90,24,163,49
638,R�union,2024,148,27,227,52
652,Saint Barth�lemy,2010,11,2,17,4
652,Saint Barth�lemy,2015,11,2,29,16
652,Saint Barth�lemy,2020,11,2,44,31
652,Saint Barth�lemy,2022,25,2,68,41
652,Saint Barth�lemy,2023,25,2,68,41
652,Saint Barth�lemy,2024,25,2,74,47
654,Saint Helena,2004,2,26,60,32
654,Saint Helena,2010,2,27,60,31
654,Saint Helena,2015,13,30,80,37
654,Saint Helena,2020,83,45,173,45
654,Saint Helena,2022,97,46,189,46
654,Saint Helena,2023,107,46,198,46
654,Saint Helena,2024,173,46,265,46
659,Saint Kitts and Nevis,2004,0,2,19,17
659,Saint Kitts and Nevis,2010,10,2,36,24
659,Saint Kitts and Nevis,2015,10,2,51,39
659,Saint Kitts and Nevis,2020,10,2,57,45
659,Saint Kitts and Nevis,2022,25,5,88,58
659,Saint Kitts and Nevis,2023,25,5,88,58
659,Saint Kitts and Nevis,2024,26,5,96,65
662,Saint Lucia,2004,0,6,29,23
662,Saint Lucia,2010,11,6,46,29
662,Saint Lucia,2015,11,6,58,41
662,Saint Lucia,2020,11,8,69,50
662,Saint Lucia,2022,25,16,105,64
662,Saint Lucia,2023,25,16,105,64
662,Saint Lucia,2024,25,16,112,71
663,Saint Martin (French part),2010,11,2,17,4
663,Saint Martin (French part),2015,10,3,51,38
663,Saint Martin (French part),2020,10,3,59,46
663,Saint Martin (French part),2022,25,2,81,54
663,Saint Martin (French part),2023,25,2,81,54
663,Saint Martin (French part),2024,25,2,87,60
666,Saint Pierre and Miquelon,2004,0,0,2,2
666,Saint Pierre and Miquelon,2010,0,0,4,4
666,Saint Pierre and Miquelon,2015,0,0,7,7
666,Saint Pierre and Miquelon,2020,0,0,19,19
666,Saint Pierre and Miquelon,2022,0,0,26,26
666,Saint Pierre and Miquelon,2023,0,0,26,26
666,Saint Pierre and Miquelon,2024,0,0,32,32
670,Saint Vincent & Grenadines,2004,0,4,24,20
670,Saint Vincent & Grenadines,2010,10,4,38,24
670,Saint Vincent & Grenadines,2015,10,5,54,39
670,Saint Vincent & Grenadines,2020,10,5,65,50
670,Saint Vincent & Grenadines,2022,25,8,95,62
670,Saint Vincent & Grenadines,2023,25,8,95,62
670,Saint Vincent & Grenadines,2024,26,8,102,68
882,Samoa,2004,1,2,18,15
882,Samoa,2010,53,2,78,23
882,Samoa,2015,62,2,90,26
882,Samoa,2020,64,3,100,33
882,Samoa,2022,68,11,116,37
882,Samoa,2023,69,15,123,39
882,Samoa,2024,153,15,206,38
674,San Marino,2010,0,0,0,0
674,San Marino,2015,1,0,1,0
674,San Marino,2020,1,0,2,1
674,San Marino,2022,1,0,5,4
674,San Marino,2023,1,0,6,5
674,San Marino,2024,1,0,7,6
678,Sao Tome and Principe,2004,2,35,61,24
678,Sao Tome and Principe,2010,2,35,70,33
678,Sao Tome and Principe,2015,5,38,81,38
678,Sao Tome and Principe,2020,4,49,108,55
678,Sao Tome and Principe,2022,6,72,141,63
678,Sao Tome and Principe,2023,6,73,143,64
678,Sao Tome and Principe,2024,6,73,147,68
682,Saudi Arabia,2004,1,3,41,37
682,Saudi Arabia,2010,53,3,103,47
682,Saudi Arabia,2015,59,3,119,57
682,Saudi Arabia,2020,60,4,144,80
682,Saudi Arabia,2022,60,5,171,106
682,Saudi Arabia,2023,60,5,175,110
682,Saudi Arabia,2024,137,5,255,113
686,Senegal,2004,0,7,47,40
686,Senegal,2010,1,9,82,72
686,Senegal,2015,13,11,106,82
686,Senegal,2020,13,23,145,109
686,Senegal,2022,16,23,181,142
686,Senegal,2023,16,23,185,146
686,Senegal,2024,17,23,189,149
688,Serbia,2010,16,1,46,29
688,Serbia,2015,22,5,56,29
688,Serbia,2020,35,16,86,35
688,Serbia,2022,67,16,121,38
688,Serbia,2023,70,9,119,40
688,Serbia,2024,69,17,129,43
891,Serbia and Monten. [former],2004,19,1,62,42
690,Seychelles,2004,4,45,84,35
690,Seychelles,2010,100,45,190,45
690,Seychelles,2015,319,62,435,54
690,Seychelles,2020,321,62,451,68
690,Seychelles,2022,322,61,461,78
690,Seychelles,2023,322,60,468,86
690,Seychelles,2024,389,60,538,89
694,Sierra Leone,2004,4,47,86,35
694,Sierra Leone,2010,6,48,131,77
694,Sierra Leone,2015,8,58,158,92
694,Sierra Leone,2020,8,117,236,111
694,Sierra Leone,2022,12,142,295,141
694,Sierra Leone,2023,12,150,303,141
694,Sierra Leone,2024,12,151,306,143
702,Singapore,2004,1,54,85,30
702,Singapore,2010,162,57,277,58
702,Singapore,2015,173,58,287,56
702,Singapore,2020,177,66,326,83
702,Singapore,2022,177,69,365,119
702,Singapore,2023,180,73,381,128
702,Singapore,2024,230,74,437,133
534,Sint Maarten (Dutch part),2015,10,2,49,37
534,Sint Maarten (Dutch part),2020,10,2,58,46
534,Sint Maarten (Dutch part),2022,25,1,80,54
534,Sint Maarten (Dutch part),2023,25,1,80,54
534,Sint Maarten (Dutch part),2024,25,1,85,59
703,Slovakia,2004,19,2,48,27
703,Slovakia,2010,17,2,34,15
703,Slovakia,2015,22,7,45,16
703,Slovakia,2020,32,63,116,21
703,Slovakia,2022,44,65,134,25
703,Slovakia,2023,46,32,104,26
703,Slovakia,2024,45,75,150,30
705,Slovenia,2004,42,0,74,32
705,Slovenia,2010,59,0,95,36
705,Slovenia,2015,76,7,125,42
705,Slovenia,2020,84,33,175,58
705,Slovenia,2022,102,34,211,75
705,Slovenia,2023,105,12,196,79
705,Slovenia,2024,104,44,229,81
90,Solomon Islands,2004,6,16,74,52
90,Solomon Islands,2010,141,16,220,63
90,Solomon Islands,2015,151,17,238,70
90,Solomon Islands,2020,150,24,256,82
90,Solomon Islands,2022,150,56,303,97
90,Solomon Islands,2023,152,62,310,96
90,Solomon Islands,2024,228,62,388,98
706,Somalia,2004,1,17,64,46
706,Somalia,2010,51,21,128,56
706,Somalia,2015,62,43,165,60
706,Somalia,2020,62,53,199,84
706,Somalia,2022,62,68,232,102
706,Somalia,2023,62,97,267,108
706,Somalia,2024,139,104,354,111
710,South Africa,2004,127,75,357,155
710,South Africa,2010,159,97,441,185
710,South Africa,2015,202,116,527,209
710,South Africa,2020,196,154,597,247
710,South Africa,2022,196,428,905,281
710,South Africa,2023,216,460,961,285
710,South Africa,2024,293,460,1039,286
239,South Georgia & Sandwich Is.,2004,0,0,12,12
239,South Georgia & Sandwich Is.,2010,0,0,10,10
239,South Georgia & Sandwich Is.,2015,0,0,9,9
239,South Georgia & Sandwich Is.,2020,0,0,9,9
239,South Georgia & Sandwich Is.,2022,0,0,9,9
239,South Georgia & Sandwich Is.,2023,0,0,11,11
239,South Georgia & Sandwich Is.,2024,0,0,11,11
728,South Sudan,2015,0,16,42,26
728,South Sudan,2020,1,18,61,42
728,South Sudan,2022,1,21,68,46
728,South Sudan,2023,1,25,72,46
728,South Sudan,2024,2,26,78,50
724,Spain,2004,63,14,153,76
724,Spain,2010,67,55,240,118
724,Spain,2015,215,213,551,123
724,Spain,2020,290,319,752,143
724,Spain,2022,352,337,854,165
724,Spain,2023,354,291,813,168
724,Spain,2024,362,358,879,159
144,Sri Lanka,2004,2,280,394,112
144,Sri Lanka,2010,120,283,552,149
144,Sri Lanka,2015,130,291,580,159
144,Sri Lanka,2020,130,298,641,213
144,Sri Lanka,2022,153,302,820,365
144,Sri Lanka,2023,153,320,837,364
144,Sri Lanka,2024,217,330,913,366
275,State of Palestine,2004,0,0,4,4
275,State of Palestine,2010,2,0,18,16
275,State of Palestine,2015,4,0,24,20
275,State of Palestine,2020,4,10,39,25
275,State of Palestine,2022,4,11,55,40
275,State of Palestine,2023,3,12,59,44
275,State of Palestine,2024,3,12,63,48
729,Sudan,2004,2,17,55,36
729,Sudan,2010,45,18,112,49
729,Sudan,2015,50,16,123,57
729,Sudan,2020,50,19,158,89
729,Sudan,2022,50,17,172,105
729,Sudan,2023,50,17,174,107
729,Sudan,2024,121,18,249,110
740,Suriname,2004,0,27,59,32
740,Suriname,2010,1,26,65,38
740,Suriname,2015,1,26,76,49
740,Suriname,2020,1,29,88,58
740,Suriname,2022,1,44,129,84
740,Suriname,2023,1,66,156,89
740,Suriname,2024,1,69,165,95
744,Svalbard and Jan Mayen Is.,2004,0,0,9,9
744,Svalbard and Jan Mayen Is.,2010,0,0,3,3
744,Svalbard and Jan Mayen Is.,2015,0,0,5,5
744,Svalbard and Jan Mayen Is.,2020,0,1,11,10
744,Svalbard and Jan Mayen Is.,2022,0,1,14,13
744,Svalbard and Jan Mayen Is.,2023,0,1,14,13
744,Svalbard and Jan Mayen Is.,2024,0,1,14,13
752,Sweden,2004,13,3,36,20
752,Sweden,2010,11,3,29,15
752,Sweden,2015,15,5,36,16
752,Sweden,2020,16,53,98,29
752,Sweden,2022,19,60,117,38
752,Sweden,2023,21,12,71,38
752,Sweden,2024,23,78,141,40
756,Switzerland,2004,30,2,49,17
756,Switzerland,2010,28,3,45,14
756,Switzerland,2015,43,4,62,15
756,Switzerland,2020,47,59,128,22
756,Switzerland,2022,83,63,171,25
756,Switzerland,2023,86,20,134,28
756,Switzerland,2024,88,80,222,54
760,Syrian Arab Republic,2004,3,0,29,26
760,Syrian Arab Republic,2010,7,3,78,68
760,Syrian Arab Republic,2015,20,4,108,84
760,Syrian Arab Republic,2020,23,32,147,92
760,Syrian Arab Republic,2022,24,45,174,105
760,Syrian Arab Republic,2023,23,45,173,105
760,Syrian Arab Republic,2024,23,45,175,107
762,Tajikistan,2004,2,2,24,20
762,Tajikistan,2010,2,14,40,24
762,Tajikistan,2015,3,12,41,26
762,Tajikistan,2020,3,13,48,32
762,Tajikistan,2022,3,21,59,35
762,Tajikistan,2023,3,21,60,36
762,Tajikistan,2024,3,22,62,37
764,Thailand,2004,1,84,221,136
764,Thailand,2010,185,91,477,201
764,Thailand,2015,211,150,595,234
764,Thailand,2020,213,182,674,279
764,Thailand,2022,214,248,802,340
764,Thailand,2023,217,298,858,343
764,Thailand,2024,235,323,905,347
626,Timor-Leste,2004,0,0,11,11
626,Timor-Leste,2010,0,0,18,18
626,Timor-Leste,2015,1,1,21,19
626,Timor-Leste,2020,1,5,41,35
626,Timor-Leste,2022,1,7,59,51
626,Timor-Leste,2023,1,8,66,57
626,Timor-Leste,2024,226,8,294,60
768,Togo,2004,0,10,32,22
768,Togo,2010,1,10,54,43
768,Togo,2015,3,12,66,51
768,Togo,2020,3,13,94,78
768,Togo,2022,5,15,129,109
768,Togo,2023,5,15,130,110
768,Togo,2024,5,15,133,113
772,Tokelau,2004,0,0,6,6
772,Tokelau,2010,31,0,41,10
772,Tokelau,2015,35,0,46,11
772,Tokelau,2020,35,0,54,19
772,Tokelau,2022,36,0,61,25
772,Tokelau,2023,36,0,62,26
772,Tokelau,2024,98,0,124,26
776,Tonga,2004,2,3,16,11
776,Tonga,2010,35,4,58,19
776,Tonga,2015,47,4,74,23
776,Tonga,2020,51,7,90,32
776,Tonga,2022,70,10,120,40
776,Tonga,2023,70,10,121,41
776,Tonga,2024,148,10,198,40
780,Trinidad and Tobago,2004,0,1,33,32
780,Trinidad and Tobago,2010,10,1,48,37
780,Trinidad and Tobago,2015,10,2,65,53
780,Trinidad and Tobago,2020,10,50,126,66
780,Trinidad and Tobago,2022,26,58,164,80
780,Trinidad and Tobago,2023,26,64,169,79
780,Trinidad and Tobago,2024,26,64,176,86
788,Tunisia,2004,5,0,36,31
788,Tunisia,2010,11,7,75,57
788,Tunisia,2015,15,7,83,61
788,Tunisia,2020,21,12,107,74
788,Tunisia,2022,23,14,129,92
788,Tunisia,2023,23,12,128,93
788,Tunisia,2024,25,14,135,96
795,Turkmenistan,2004,5,0,40,35
795,Turkmenistan,2010,5,3,45,37
795,Turkmenistan,2015,7,4,49,38
795,Turkmenistan,2020,7,4,59,48
795,Turkmenistan,2022,7,6,60,47
795,Turkmenistan,2023,7,7,59,45
795,Turkmenistan,2024,7,7,60,46
796,Turks and Caicos Islands,2004,0,2,20,18
796,Turks and Caicos Islands,2010,10,2,34,22
796,Turks and Caicos Islands,2015,10,9,56,37
796,Turks and Caicos Islands,2020,10,8,65,47
796,Turks and Caicos Islands,2022,25,10,93,58
796,Turks and Caicos Islands,2023,25,11,94,58
796,Turks and Caicos Islands,2024,25,11,100,64
798,Tuvalu,2004,1,0,8,7
798,Tuvalu,2010,71,0,85,14
798,Tuvalu,2015,78,0,93,15
798,Tuvalu,2020,78,0,99,21
798,Tuvalu,2022,79,0,106,27
798,Tuvalu,2023,79,0,108,29
798,Tuvalu,2024,163,0,192,29
792,T�rkiye,2004,13,3,92,76
792,T�rkiye,2010,15,5,150,130
792,T�rkiye,2015,76,103,370,191
792,T�rkiye,2020,88,138,435,209
792,T�rkiye,2022,90,144,451,217
792,T�rkiye,2023,87,138,444,219
792,T�rkiye,2024,88,147,455,219
581,U.S. Minor Outlying islands,2004,0,0,15,15
581,U.S. Minor Outlying islands,2010,44,0,67,23
581,U.S. Minor Outlying islands,2015,47,0,71,24
581,U.S. Minor Outlying islands,2020,47,0,73,26
581,U.S. Minor Outlying islands,2022,38,0,67,29
581,U.S. Minor Outlying islands,2023,38,0,67,29
581,U.S. Minor Outlying islands,2024,120,0,149,29
800,Uganda,2004,19,38,134,77
800,Uganda,2010,15,41,166,110
800,Uganda,2015,19,52,188,117
800,Uganda,2020,31,107,266,128
800,Uganda,2022,34,148,313,131
800,Uganda,2023,34,158,322,130
800,Uganda,2024,34,165,333,134
804,Ukraine,2004,14,1,55,40
804,Ukraine,2010,15,1,61,45
804,Ukraine,2015,23,17,87,47
804,Ukraine,2020,38,41,132,53
804,Ukraine,2022,47,43,147,57
804,Ukraine,2023,48,29,136,59
804,Ukraine,2024,50,48,160,62
784,United Arab Emirates,2004,0,0,23,23
784,United Arab Emirates,2010,16,0,48,32
784,United Arab Emirates,2015,15,0,48,33
784,United Arab Emirates,2020,15,0,69,54
784,United Arab Emirates,2022,15,0,94,79
784,United Arab Emirates,2023,15,0,98,83
784,United Arab Emirates,2024,36,0,122,86
826,United Kingdom,2004,10,13,55,32
826,United Kingdom,2010,11,14,73,48
826,United Kingdom,2015,18,16,87,53
826,United Kingdom,2020,20,89,176,67
826,United Kingdom,2022,30,93,200,77
826,United Kingdom,2023,32,53,165,80
826,United Kingdom,2024,32,111,227,84
834,United Rep. of Tanzania,2004,33,239,416,144
834,United Rep. of Tanzania,2010,80,298,691,313
834,United Rep. of Tanzania,2015,129,602,1077,346
834,United Rep. of Tanzania,2020,147,726,1259,386
834,United Rep. of Tanzania,2022,148,1031,1591,412
834,United Rep. of Tanzania,2023,148,1048,1615,419
834,United Rep. of Tanzania,2024,214,1110,1745,421
850,United States Virgin Islands,2004,0,9,31,22
850,United States Virgin Islands,2010,0,12,33,21
850,United States Virgin Islands,2015,0,12,53,41
850,United States Virgin Islands,2020,0,20,74,54
850,United States Virgin Islands,2022,23,22,113,68
850,United States Virgin Islands,2023,23,23,114,68
850,United States Virgin Islands,2024,24,23,121,74
840,United States of America,2004,561,240,1143,342
840,United States of America,2010,531,245,1152,376
840,United States of America,2015,575,280,1299,444
840,United States of America,2020,586,587,1655,482
840,United States of America,2022,667,782,1960,511
840,United States of America,2023,670,749,1931,512
840,United States of America,2024,695,869,2085,519
858,Uruguay,2004,1,1,50,48
858,Uruguay,2010,1,1,80,78
858,Uruguay,2015,2,22,103,79
858,Uruguay,2020,2,22,116,92
858,Uruguay,2022,3,23,137,111
858,Uruguay,2023,3,22,147,122
858,Uruguay,2024,4,23,155,128
860,Uzbekistan,2004,1,1,31,29
860,Uzbekistan,2010,1,15,50,34
860,Uzbekistan,2015,3,17,54,34
860,Uzbekistan,2020,3,16,62,43
860,Uzbekistan,2022,3,27,76,46
860,Uzbekistan,2023,3,27,74,44
860,Uzbekistan,2024,3,27,74,44
548,Vanuatu,2004,0,10,29,19
548,Vanuatu,2010,79,10,121,32
548,Vanuatu,2015,92,10,137,35
548,Vanuatu,2020,91,11,144,42
548,Vanuatu,2022,92,15,158,51
548,Vanuatu,2023,95,30,181,56
548,Vanuatu,2024,179,31,267,57
862,Venezuela (Boliv. Rep. of),2004,1,67,219,151
862,Venezuela (Boliv. Rep. of),2010,21,70,270,179
862,Venezuela (Boliv. Rep. of),2015,26,77,312,209
862,Venezuela (Boliv. Rep. of),2020,26,102,379,251
862,Venezuela (Boliv. Rep. of),2022,60,466,868,342
862,Venezuela (Boliv. Rep. of),2023,60,510,942,372
862,Venezuela (Boliv. Rep. of),2024,61,596,1034,377
704,Viet Nam,2004,0,145,289,144
704,Viet Nam,2010,92,146,424,186
704,Viet Nam,2015,127,199,565,239
704,Viet Nam,2020,156,260,738,322
704,Viet Nam,2022,191,335,933,407
704,Viet Nam,2023,191,451,1053,411
704,Viet Nam,2024,281,481,1180,418
876,Wallis and Futuna Islands,2004,0,1,13,12
876,Wallis and Futuna Islands,2010,57,1,74,16
876,Wallis and Futuna Islands,2015,65,1,88,22
876,Wallis and Futuna Islands,2020,64,1,92,27
876,Wallis and Futuna Islands,2022,64,3,97,30
876,Wallis and Futuna Islands,2023,65,3,100,32
876,Wallis and Futuna Islands,2024,140,3,174,31
732,Western Sahara,2004,1,0,19,18
732,Western Sahara,2010,1,0,39,38
732,Western Sahara,2015,3,0,39,36
732,Western Sahara,2020,3,0,58,55
732,Western Sahara,2022,3,1,85,81
732,Western Sahara,2023,3,1,87,83
732,Western Sahara,2024,4,1,92,87
887,Yemen,2004,2,159,195,34
887,Yemen,2010,62,159,269,48
887,Yemen,2015,68,162,287,57
887,Yemen,2020,68,163,313,82
887,Yemen,2022,68,165,337,104
887,Yemen,2023,68,167,342,107
887,Yemen,2024,153,169,432,110
894,Zambia,2004,7,8,39,24
894,Zambia,2010,14,9,67,44
894,Zambia,2015,14,20,83,49
894,Zambia,2020,14,32,107,61
894,Zambia,2022,13,59,137,65
894,Zambia,2023,13,70,148,65
894,Zambia,2024,13,72,152,67
716,Zimbabwe,2004,2,17,43,24
716,Zimbabwe,2010,5,16,55,34
716,Zimbabwe,2015,5,17,60,38
716,Zimbabwe,2020,8,71,122,43
716,Zimbabwe,2022,8,81,136,47
716,Zimbabwe,2023,8,81,137,48
716,Zimbabwe,2024,8,82,140,50
248,�land Islands,2020,0,1,1,0
248,�land Islands,2022,0,1,1,0
248,�land Islands,2023,0,1,1,0
248,�land Islands,2024,0,4,4,0
